<?xml version="1.0" encoding="utf-8"?>
<!--  SAPGUI for Windows 7200 2 23 2 2016 11:36:50 Eastern Standard Time -->
<SAPTREE version="7200.3.7.1066">
	<Files>
		<File type="Connections" name="C:\Users\%USERNAME%\AppData\Roaming\SAP\Common\saplogon.ini"/>
		<File type="Shortcuts" name="C:\Users\%USERNAME%\AppData\Roaming\SAP\Common\sapshortcut.ini"/>
	</Files>
	<Nodes>
		<Favorites name="Favorites" expanded="1" uuid="52fa919d-dc71-47ce-ac58-4056a01dfcfc">
		</Favorites>
		<Shortcuts name="Shortcuts" expanded="1" uuid="49e150cd-e272-44b1-b8b3-9ef261a2ce23">
		</Shortcuts>
		<Connections name="Connections" expanded="1" uuid="1e730206-5394-4311-8c04-02934a16ef59">
		</Connections>
	</Nodes>
</SAPTREE>
