<?xml version="1.0" encoding="UTF-8"?>
<SAP><type>SAP object rules</type><version>1.1</version><timestamp>2025-04-14 10:32:33</timestamp><rules><rule id="1"><directories><name>C:/Users/LLA/Desktop/</name></directories><permissions>w</permissions><action>3</action><contexts><context><system>PR1</system><network></network><client>400</client><transaction>ZZRKR002</transaction><dynpro_name>SAPMSSY0</dynpro_name><dynpro_num>0200</dynpro_num><permissions>w</permissions><action>0</action></context></contexts></rule><rule id="2"><directories><name>C:/Users/LLA/AppData/Local/Temp/</name></directories><permissions>w</permissions><action>3</action><contexts><context><system>PR1</system><network></network><client>400</client><transaction>SP01</transaction><dynpro_name>SAPMSSY0</dynpro_name><dynpro_num>0120</dynpro_num><permissions>w</permissions><action>0</action></context></contexts></rule><rule id="3"><directories><name>C:/Users/LLA/AppData/Local/Temp/</name></directories><permissions>w</permissions><action>3</action><contexts><context><system>PR1</system><network></network><client>400</client><transaction>SP01</transaction><dynpro_name>SAPLSPOOL_SP01R</dynpro_name><dynpro_num>1102</dynpro_num><permissions>w</permissions><action>0</action></context></contexts></rule></rules></SAP>
