<?xml version="1.0"?>
<Landscape updated="2025-06-11T02:58:07Z" version="1" generator="SAP GUI for Windows v7700.1.0.155"><Workspaces><Workspace uuid="8728951b-dac3-423e-ab4e-93f8417404b6" name="PerkinElmer(NEW)"><Item uuid="6f06cd79-ace9-49e5-9608-367fe4ed3d72" serviceid="dff30fd6-0099-42db-98cc-950e4cb6fff1"/><Item uuid="a7f60a91-a930-4052-a579-6ceda2297894" serviceid="a9a0d92f-a2d9-4340-87e2-3ca665efcbaf"/><Item uuid="69ad755a-c963-4e85-93bb-a3700bbcfd72" serviceid="ea09faf7-ea01-487c-be10-4ad31373be26"/><Item uuid="2712f996-84e3-4877-b80a-191c5d2a9ea1" serviceid="6571edef-a738-4da5-935b-002b42d2ea1a"/><Item uuid="a3560e0d-d17d-4e47-a2fe-74febcfbebe8" serviceid="759c1e20-3bd6-4021-aeae-5d9b9f9a6704"/><Item uuid="bf1157de-c70a-42c1-b420-838a9b9e9585" serviceid="0d47bd29-6cfa-40f6-abe1-48560bf16565"/><Item uuid="a41e83be-10d0-49de-b628-6e6a134ac734" serviceid="e7995d39-c0d4-4369-a64f-d9177a2831a0"/><Item uuid="c78524fc-e246-4838-8bd4-053181fc19a0" serviceid="7ff57920-24d7-4175-885b-9172343f7813"/><Item uuid="7827271d-09bb-4ecc-9fe2-406be2f322ae" serviceid="634fa720-793b-47fa-a7b4-51bf51e30b69"/><Item uuid="42689dad-6464-4eaf-8b33-e1f041d9db49" serviceid="cbbf6bed-30bb-450d-8a63-65575a238ced"/><Item uuid="0e46078d-706d-49ce-8b86-ce38b9678a1f" serviceid="68584db2-1982-41be-9ddb-3c649272a057"/><Item uuid="f25cd885-9755-4542-b640-8bf9f0137da7" serviceid="535d745c-5b85-4cf4-b54f-45e450a57ca8"/><Item uuid="33bda3e8-7b8c-4317-bec6-edb18131c777" serviceid="b0ec3cb8-f1a7-45a4-a828-d4c32f105d44"/><Item uuid="c305cd42-c701-4fae-9e94-87b90f6a019b" serviceid="17a83c72-9cc4-428a-b828-f821ffcdfca9"/><Item uuid="59a4748c-46d1-4231-953c-dafb7a975c0d" serviceid="3d90e939-54db-47fd-9859-a4d7e51c261c"/></Workspace></Workspaces><Messageservers><Messageserver uuid="77e0b2be-2c78-4a7c-ae82-3bbb1e9d5839" name="PR1" description="PR1" host="a1-p-sed-01.corp.perkinelmer.com" port="3601"/></Messageservers><Services><Service type="SAPGUI" uuid="dff30fd6-0099-42db-98cc-950e4cb6fff1" name="GTD-Development GTS" systemid="GTD" mode="1" server="A1-D-SGG-01.corp.perkinelmer.com:3200" sncop="-1" dcpg="2"/><Service type="SAPGUI" uuid="a9a0d92f-a2d9-4340-87e2-3ca665efcbaf" name="GT8- Intergration testing GTS" systemid="GT8" mode="1" server="A1-Q-SGG-01.corp.perkinelmer.com:3200" sncop="-1" dcpg="2"/><Service type="SAPGUI" uuid="ea09faf7-ea01-487c-be10-4ad31373be26" name="GTP Production GTS" systemid="GTP" mode="1" server="A1-P-SGG-01.corp.perkinelmer.com:3200" sncop="-1" dcpg="2"/><Service type="SAPGUI" uuid="6571edef-a738-4da5-935b-002b42d2ea1a" name="DV2-Development ECC/ERP" systemid="DV2" mode="1" server="A1-D-SED-01.corp.perkinelmer.com:3200" sncop="-1" dcpg="2"/><Service type="SAPGUI" uuid="759c1e20-3bd6-4021-aeae-5d9b9f9a6704" name="QAS-Intergration Testing ECC/ERP" systemid="QA8" mode="1" server="A1-Q-SED-01.corp.perkinelmer.com:3200" sncop="-1" dcpg="2"/><Service type="SAPGUI" uuid="0d47bd29-6cfa-40f6-abe1-48560bf16565" name="PR1-Production ECC/ERP" systemid="PR1" server="SAPPUBLIC" sncop="-1" dcpg="2" msid="77e0b2be-2c78-4a7c-ae82-3bbb1e9d5839"/><Service type="SAPGUI" uuid="e7995d39-c0d4-4369-a64f-d9177a2831a0" name="SE8-Integration Testing SCM/APO" systemid="SE8" mode="1" server="A1-Q-SAS-01.corp.perkinelmer.com:3200" sncop="-1" dcpg="2"/><Service type="SAPGUI" uuid="7ff57920-24d7-4175-885b-9172343f7813" name="SCP-Production SCM/APO" systemid="SCP" mode="1" server="A1-P-SAS-01.corp.perkinelmer.com:3200" sncop="-1" dcpg="2"/><Service type="SAPGUI" uuid="634fa720-793b-47fa-a7b4-51bf51e30b69" name="SCD-Development SCM/APO" systemid="SCD" mode="1" server="A1-D-SAS-01.corp.perkinelmer.com:3200" sncop="-1" dcpg="2"/><Service type="SAPGUI" uuid="cbbf6bed-30bb-450d-8a63-65575a238ced" name="BWD-Development BW" systemid="BWD" mode="1" server="A1-D-SHA-01.corp.perkinelmer.com:3241" sncop="-1" dcpg="2"/><Service type="SAPGUI" uuid="68584db2-1982-41be-9ddb-3c649272a057" name="BWQ-Integration testing BW" systemid="BW8" mode="1" server="A1-Q-SHA-01.corp.perkinelmer.com:3251" sncop="-1" dcpg="2"/><Service type="SAPGUI" uuid="535d745c-5b85-4cf4-b54f-45e450a57ca8" name="BWP-Production BW" systemid="BWP" mode="1" server="A1-P-SHA-01.CORP.PERKINELMER.COM:3251" sncop="-1" dcpg="2"/><Service type="SAPGUI" uuid="b0ec3cb8-f1a7-45a4-a828-d4c32f105d44" name="PXD-Development PPM" systemid="PXD" mode="1" server="A1-D-SPP-01.CORP.PERKINELMER.COM:3200" sncop="-1" dcpg="2"/><Service type="SAPGUI" uuid="17a83c72-9cc4-428a-b828-f821ffcdfca9" name="PXQ-Intergration Testing PPM" systemid="PX8" mode="1" server="A1-Q-SPP-01.CORP.PERKINELMER.COM:3200:3200" sncop="-1" dcpg="2"/><Service type="SAPGUI" uuid="3d90e939-54db-47fd-9859-a4d7e51c261c" name="PXP Production PPM" systemid="PXP" mode="1" server="A1-P-SPP-01.CORP.PERKINELMER.COM:3200" sncop="-1" dcpg="2"/></Services><Includes><Include url="file:///C:/Users/jibb/AppData/Roaming/SAP/Common/SAPUILandscapeGlobal.xml" index="0" description="SAP Reserved"/></Includes></Landscape>
