<Landscape><Messageservers><Messageserver uuid="a4fae1aa-b642-4d53-a8a9-d0ed260c9aae" name="BWD" description="BWD" port="3600"/><Messageserver uuid="8db86f6d-fe0a-4bc8-9023-43c97fec3a0e" name="BWP" description="BWP" port="3610"/><Messageserver uuid="33e835c0-4f3e-4945-8e5d-148d87d5c4b5" name="BWQ" description="BWQ" port="3602"/><Messageserver uuid="3dad2403-2536-4347-a583-7edbad6825d6" name="C7D" description="C7D" port="3605"/><Messageserver uuid="b6267cd7-a681-444b-bfca-39bf72b2e35e" name="C7P" description="C7P" port="3605"/><Messageserver uuid="931ee035-087d-44c7-97da-7b74a3cedd22" name="C7Q" description="C7Q" port="3605"/><Messageserver uuid="3d064924-2d5f-4a97-9c10-db6040a63d75" name="DV2" description="DV2" port="3600"/><Messageserver uuid="fefa3c66-2077-401f-8b96-475af7513a5f" name="GTD" description="GTD" port="3600"/><Messageserver uuid="9d88c7cf-6a45-4cb1-aa65-905c2f1f05cb" name="GTP" description="GTP" port="3602"/><Messageserver uuid="2699548a-9669-4e57-8b2e-ff464bf53983" name="GTQ" description="GTQ" port="3601"/><Messageserver uuid="b655c087-4f42-487c-bcf1-935bc3288eb5" name="HCD" description="HCD" port="3600"/><Messageserver uuid="32742b8a-430e-4f17-add4-994247fdeedf" name="HCP" description="HCP" port="3605"/><Messageserver uuid="0c2e3e63-158b-42a0-99cf-a818736f3796" name="HCQ" description="HCQ" port="3605"/><Messageserver uuid="1f93e731-e6dc-46a2-a512-c1ba0e684421" name="PR1" description="PR1" port="3602"/><Messageserver uuid="c587db48-509f-4dff-939a-18d7507eebd0" name="PXD" description="PXD" port="3600"/><Messageserver uuid="22f10502-2ff3-438d-bb94-410c690de5ad" name="PXP" description="PXP" port="3605"/><Messageserver uuid="69cbdbc0-7e9e-4014-956c-b22a25943fe2" name="PXQ" description="PXQ" port="3605"/><Messageserver uuid="194443e0-8822-4e73-af08-4145593394fe" name="QAS" description="QAS" port="3602"/><Messageserver uuid="78ebd1a5-a688-4bcc-8354-7b2bc3c7d594" name="SCD" description="SCD" port="3600"/><Messageserver uuid="de5ec704-cf2f-4012-92e7-a6f96007b1a2" name="SCP" description="SCP" port="3600"/><Messageserver uuid="e18bb7cb-e5e9-4b37-a3de-acef2c7f1a87" name="SCQ" description="SCQ" port="3600"/><Messageserver uuid="7101aa8e-c9f2-4406-9fce-f822d97a0c77" name="SM1" description="SM1" port="3641"/></Messageservers></Landscape>
